City_ID,City,Country,Lat,Lng,Max Temp,Humidity,Cloudiness,Wind Speed,Current Description
0,San Cristobal,VE,7.7669,-72.225,69.98,71,91,4.0,overcast clouds
1,Rikitea,PF,-23.1203,-134.9692,75.02,72,86,16.31,overcast clouds
2,Butaritari,KI,3.0707,172.7902,81.88,79,19,15.35,few clouds
3,Castro,BR,-24.7911,-50.0119,80.29,58,64,4.23,broken clouds
4,Sao Filipe,CV,14.8961,-24.4956,74.79,75,48,4.9,scattered clouds
5,Padang,ID,-0.9492,100.3543,76.53,97,100,11.34,overcast clouds
6,Port Alfred,ZA,-33.5906,26.891,63.48,61,87,20.87,overcast clouds
7,Sovetskiy,RU,61.3614,63.5842,5.13,95,100,5.73,overcast clouds
8,Helena,US,46.5927,-112.0361,18.18,58,7,4.0,snow
9,Torbay,CA,47.6666,-52.7314,31.75,96,90,27.63,snow
10,Clinton,US,42.587,-82.9199,43.97,54,95,1.01,overcast clouds
11,Busselton,AU,-33.65,115.3333,59.09,69,100,17.27,overcast clouds
12,Faanui,PF,-16.4833,-151.75,79.95,75,37,13.53,moderate rain
13,Qaanaaq,GL,77.484,-69.3632,-8.37,95,100,3.24,overcast clouds
14,Jamestown,US,42.097,-79.2353,46.09,52,98,12.28,overcast clouds
15,Rio Grande,BR,-32.035,-52.0986,71.94,75,37,17.83,scattered clouds
16,Moroni,KM,-11.7022,43.2551,82.4,69,20,5.75,few clouds
17,Longyearbyen,SJ,78.2186,15.6401,31.84,69,40,19.57,scattered clouds
18,Parrita,CR,9.5201,-84.3225,92.01,79,95,5.93,overcast clouds
19,Sultanpur,IN,26.2667,82.0667,57.96,44,0,9.91,clear sky
20,Saint George,US,37.1041,-113.5841,44.64,57,0,1.01,clear sky
21,Vaini,TO,-21.2,-175.2,78.96,94,40,8.05,scattered clouds
22,Ponta Do Sol,PT,32.6667,-17.1,66.83,75,100,7.63,overcast clouds
23,Tuktoyaktuk,CA,69.4541,-133.0374,-16.6,76,75,14.97,light snow
24,Khatanga,RU,71.9667,102.5,-37.86,100,98,4.34,overcast clouds
25,Hobart,AU,-42.8794,147.3294,62.46,55,100,1.99,overcast clouds
26,Caxito,AO,-8.5785,13.6643,77.65,97,100,2.93,light rain
27,Bluff,NZ,-46.6,168.3333,53.8,70,68,25.26,broken clouds
28,Urusha,RU,54.05,122.9,-12.42,94,100,2.1,overcast clouds
29,Labuhan,ID,-6.8844,112.2051,80.28,84,100,2.71,overcast clouds
30,Kapaa,US,22.0752,-159.319,73.11,77,12,3.0,light rain
31,Hegang,CN,47.4,130.3667,-14.87,89,3,5.01,clear sky
32,Cidreira,BR,-30.1811,-50.2056,72.93,80,26,15.41,scattered clouds
33,Naze,JP,28.3667,129.4833,53.51,67,100,19.95,light rain
34,Mar Del Plata,AR,-38.0023,-57.5575,80.62,89,0,18.99,moderate rain
35,Carndonagh,IE,55.25,-7.2667,37.02,94,10,5.3,clear sky
36,Puerto Ayora,EC,-0.7393,-90.3518,80.56,86,100,4.0,overcast clouds
37,Ushuaia,AR,-54.8,-68.3,56.86,67,40,12.66,scattered clouds
38,Bahia De Caraquez,EC,-0.6,-80.4167,80.78,78,95,9.15,overcast clouds
39,Ardesen,TR,41.1911,40.9875,48.16,78,100,2.33,overcast clouds
40,Sakakah,SA,29.9697,40.2064,56.68,43,67,8.86,broken clouds
41,Cowansville,CA,45.2001,-72.7491,44.38,62,87,16.73,overcast clouds
42,Port Elizabeth,ZA,-33.918,25.5701,63.1,67,20,14.97,few clouds
43,Bambous Virieux,MU,-20.3428,57.7575,78.22,83,75,3.44,broken clouds
44,Hermanus,ZA,-34.4187,19.2345,61.81,70,0,23.89,clear sky
45,Garoua,CM,9.3,13.4,77.4,29,55,3.44,broken clouds
46,Arraial Do Cabo,BR,-22.9661,-42.0278,78.66,89,75,8.05,broken clouds
47,Albany,US,42.6001,-73.9662,53.58,35,45,11.25,scattered clouds
48,Stornoway,GB,58.2093,-6.3865,48.16,85,75,9.22,broken clouds
49,Lyubech,UA,51.7026,30.6569,34.05,91,99,12.26,overcast clouds
50,Wenling,CN,28.3669,121.36,39.9,65,6,12.84,clear sky
51,Kruisfontein,ZA,-34.0033,24.7314,60.89,62,1,15.84,clear sky
52,Knysna,ZA,-34.0363,23.0471,60.84,72,0,15.57,clear sky
53,Kavieng,PG,-2.5744,150.7967,81.07,79,100,1.19,light rain
54,Punta Arenas,CL,-53.15,-70.9167,60.82,76,75,10.36,broken clouds
55,Hailey,US,43.5196,-114.3153,22.89,68,1,0.0,clear sky
56,Aguilas,ES,37.4063,-1.5829,58.33,80,100,11.95,overcast clouds
57,Provideniya,RU,64.3833,-173.3,4.69,92,100,16.91,overcast clouds
58,Cape Town,ZA,-33.9258,18.4232,72.01,54,0,4.0,clear sky
59,Kalmunai,LK,7.4167,81.8167,75.9,89,100,10.42,overcast clouds
60,Hami,CN,42.8,93.45,23.7,55,0,2.39,clear sky
61,Lubango,AO,-14.9172,13.4925,60.13,67,8,4.81,clear sky
62,Talnakh,RU,69.4865,88.3972,-35.68,97,49,3.42,scattered clouds
63,Lafia,NG,8.4833,8.5167,81.77,21,69,5.57,broken clouds
64,Varhaug,NO,58.6147,5.6457,45.95,97,99,11.27,overcast clouds
65,Avarua,CK,-21.2078,-159.775,80.65,78,20,6.91,few clouds
66,Lompoc,US,34.6391,-120.4579,63.41,77,0,3.0,clear sky
67,Bathsheba,BB,13.2167,-59.5167,83.01,69,20,26.46,few clouds
68,Severo-Kurilsk,RU,50.6789,156.125,27.32,89,100,27.94,light snow
69,Sitka,US,57.0531,-135.33,32.92,80,100,7.27,overcast clouds
70,Bredasdorp,ZA,-34.5322,20.0403,61.29,70,0,22.1,clear sky
71,Chuy,UY,-33.6971,-53.4616,71.73,56,6,13.58,clear sky
72,Abu Dhabi,AE,24.4667,54.3667,71.96,71,0,2.3,clear sky
73,Greece,US,43.2098,-77.6931,47.14,55,20,10.0,few clouds
74,Ribeira Grande,PT,38.5167,-28.7,59.4,58,40,13.8,scattered clouds
75,Hilo,US,19.7297,-155.09,79.29,46,0,7.09,clear sky
76,Portland,US,45.5234,-122.6762,44.98,95,90,1.01,mist
77,Barrow,US,71.2906,-156.7887,-13.05,94,100,18.52,overcast clouds
78,Garissa,KE,-0.4536,39.6401,84.97,54,100,9.46,overcast clouds
79,College,US,64.8569,-147.8028,6.58,83,90,0.0,mist
80,Natitingou,BJ,10.3042,1.3796,77.23,14,5,6.71,clear sky
81,Kijang,KR,35.2442,129.2139,28.44,31,0,10.85,clear sky
82,Kaitangata,NZ,-46.2817,169.8464,53.92,68,22,14.88,few clouds
83,Iqaluit,CA,63.7506,-68.5145,29.93,80,90,25.99,light snow
84,Storforshei,NO,66.4043,14.5233,36.66,100,75,1.14,light intensity drizzle
85,Port Hardy,CA,50.6996,-127.4199,39.2,80,90,14.97,overcast clouds
86,Mataura,NZ,-46.1927,168.8643,53.47,95,98,8.81,light rain
87,Atuona,PF,-9.8,-139.0333,77.65,72,7,8.99,clear sky
88,Karwar,IN,14.8,74.1333,74.23,58,33,6.13,scattered clouds
89,Norman Wells,CA,65.282,-126.8329,-25.56,68,75,0.0,broken clouds
90,Banyo,CM,6.75,11.8167,73.76,30,100,3.85,overcast clouds
91,Sola,VU,-13.8833,167.55,81.37,67,100,14.83,overcast clouds
92,Pacific Grove,US,36.6177,-121.9166,55.42,76,0,4.0,clear sky
93,Cairns,AU,-16.9167,145.7667,78.75,78,75,8.05,broken clouds
94,Alta Floresta,BR,-9.8756,-56.0861,85.82,74,75,8.05,light rain
95,Kodiak,US,57.79,-152.4072,28.98,81,12,6.96,few clouds
96,East London,ZA,-33.0153,27.9116,63.54,67,20,9.22,light rain
97,Tandil,AR,-37.3217,-59.1332,86.31,32,100,1.99,overcast clouds
98,Fukue,JP,32.6881,128.8419,42.76,65,100,27.38,overcast clouds
99,Jatai,BR,-17.8814,-51.7144,78.93,71,95,8.63,overcast clouds
100,Thinadhoo,MV,0.5333,72.9333,81.99,75,58,5.32,broken clouds
101,Cherskiy,RU,68.75,161.3,-20.02,98,100,5.88,overcast clouds
102,Fayaoue,NC,-20.65,166.5333,78.3,68,97,19.51,overcast clouds
103,Upernavik,GL,72.7868,-56.1549,2.62,76,100,7.18,overcast clouds
104,Pangody,RU,65.85,74.4859,-31.59,98,7,8.28,clear sky
105,Ternate,ID,0.8,127.4,80.78,81,92,5.95,overcast clouds
106,Lorengau,PG,-2.0226,147.2712,80.29,83,100,9.57,overcast clouds
107,Salym,RU,60.0625,71.4789,5.32,99,92,3.98,overcast clouds
108,Ketchikan,US,55.3422,-131.6461,27.37,91,100,4.79,light snow
109,Sao Felix Do Xingu,BR,-6.6447,-51.995,84.61,72,94,2.19,overcast clouds
110,Te Anau,NZ,-45.4167,167.7167,50.99,69,69,4.27,broken clouds
111,Aykhal,RU,66.0,111.5,-36.65,100,99,4.83,overcast clouds
112,Fortuna,US,40.5982,-124.1573,48.92,75,1,8.01,clear sky
113,Udachnyy,RU,66.4167,112.4,-34.65,100,100,3.02,overcast clouds
114,Zalantun,CN,48.0,122.7167,-6.84,87,17,4.25,few clouds
115,Georgetown,MY,5.4112,100.3354,78.89,90,40,3.0,scattered clouds
116,Clyde River,CA,70.4692,-68.5914,-16.44,93,100,5.19,overcast clouds
117,Mondeville,FR,49.175,-0.3224,45.34,87,90,14.97,overcast clouds
118,Batagay-Alyta,RU,67.8006,130.4114,-25.06,98,100,0.96,overcast clouds
119,Broken Hill,AU,-31.95,141.4333,76.71,29,84,8.05,broken clouds
120,Havelock,US,34.8791,-76.9013,73.94,79,40,5.01,scattered clouds
121,Husavik,IS,66.0449,-17.3389,37.22,86,100,8.37,light rain
122,Airai,TL,-8.9266,125.4092,60.93,77,100,2.06,overcast clouds
123,Tasiilaq,GL,65.6145,-37.6368,16.36,82,16,4.99,few clouds
124,Jaguaribe,BR,-5.8906,-38.6219,99.46,21,29,8.14,scattered clouds
125,Nkayi,CG,-4.1841,13.2884,72.37,95,100,1.05,overcast clouds
126,Hithadhoo,MV,-0.6,73.0833,82.2,73,43,4.23,scattered clouds
127,Tadine,NC,-21.55,167.8833,73.72,72,41,11.14,scattered clouds
128,Saskylakh,RU,71.9167,114.0833,-35.95,100,97,6.11,overcast clouds
129,Minas,UY,-34.3759,-55.2377,75.67,33,47,15.73,scattered clouds
130,Namibe,AO,-15.1961,12.1522,68.32,74,4,5.99,clear sky
131,Urucara,BR,-2.5364,-57.76,84.31,83,100,0.87,overcast clouds
132,Barra Patuca,HN,15.8,-84.2833,79.74,85,100,11.1,overcast clouds
133,Mount Isa,AU,-20.7333,139.5,82.17,61,75,5.75,light rain
134,Awbari,LY,26.5921,12.7805,54.1,46,0,6.44,clear sky
135,Berlevag,NO,70.8578,29.0864,31.8,74,0,26.46,clear sky
136,North Bend,US,43.4065,-124.2243,46.85,100,100,4.18,overcast clouds
137,Lavrentiya,RU,65.5833,-171.0,0.64,93,100,6.49,overcast clouds
138,Bronnoysund,NO,65.4625,12.1997,44.71,100,75,13.8,moderate rain
139,Marsabit,KE,2.3284,37.9899,69.98,61,100,7.05,overcast clouds
140,Deputatskiy,RU,69.3,139.9,-33.41,99,79,2.89,broken clouds
141,Coihaique,CL,-45.5752,-72.0662,84.72,20,0,9.66,clear sky
142,San Andres,CO,12.5847,-81.7006,84.22,74,75,17.27,broken clouds
143,Bethel,US,41.3712,-73.414,58.08,26,97,3.0,overcast clouds
144,Vostok,RU,46.4856,135.8833,-19.03,98,100,4.5,overcast clouds
145,Souillac,MU,-20.5167,57.5167,78.37,83,75,3.44,broken clouds
146,Tura,IN,25.5198,90.2201,57.81,74,8,3.96,clear sky
147,Tautira,PF,-17.7333,-149.15,84.22,66,53,13.62,broken clouds
148,Ancud,CL,-41.8697,-73.8203,63.43,80,100,14.07,overcast clouds
149,Dikson,RU,73.5069,80.5464,-14.58,96,100,10.76,overcast clouds
150,Verkhnyaya Inta,RU,65.9811,60.3094,1.47,83,100,9.44,overcast clouds
151,Lebu,CL,-37.6167,-73.65,61.54,66,0,9.55,clear sky
152,Manbij,SY,36.5281,37.9549,45.37,81,19,2.3,few clouds
153,Penzance,GB,50.1186,-5.5371,49.77,80,67,22.41,broken clouds
154,Nome,US,64.5011,-165.4064,26.67,86,90,13.8,light snow
155,Saint-Raphael,HT,19.4333,-72.2,82.15,52,20,12.44,few clouds
156,Marsa Matruh,EG,31.3525,27.2453,58.26,59,12,16.06,few clouds
157,Northam,GB,51.0333,-4.2167,48.02,86,9,13.11,clear sky
158,Isparta,TR,38.0,31.0,27.36,87,64,6.38,broken clouds
159,Salalah,OM,17.0151,54.0924,73.0,65,28,9.1,scattered clouds
160,Laguna,US,38.421,-121.4238,55.63,91,90,4.61,mist
161,Carnarvon,AU,-24.8667,113.6333,69.87,73,0,19.57,clear sky
162,Le Port,RE,-20.9373,55.2919,75.2,93,13,3.31,few clouds
163,Pevek,RU,69.7008,170.3133,-8.01,96,100,3.11,overcast clouds
164,Morros,BR,-9.4467,-46.3003,83.39,62,100,1.36,overcast clouds
165,Chuncheng,CN,22.1731,111.7886,58.86,55,85,7.85,overcast clouds
166,Majene,ID,-3.5403,118.9707,78.85,87,90,0.49,overcast clouds
167,Ilulissat,GL,69.2167,-51.1,4.96,76,100,4.99,overcast clouds
168,Dera Bugti,PK,29.0307,69.151,48.6,11,0,4.59,clear sky
169,Solnechnyy,RU,50.7214,136.6319,-17.86,94,97,2.42,overcast clouds
170,Narsaq,GL,60.9167,-46.05,17.82,68,0,7.18,clear sky
171,Bozoum,CF,6.3193,16.3799,74.53,32,8,2.17,clear sky
172,Haines Junction,CA,60.7522,-137.5108,4.41,99,100,0.85,overcast clouds
173,Muros,ES,42.7762,-9.0603,53.83,89,0,2.77,clear sky
174,Caravelas,BR,-17.7125,-39.2481,82.09,69,9,11.23,clear sky
175,Cockburn Town,TC,21.4612,-71.1419,79.12,75,0,23.85,clear sky
176,Jiuquan,CN,39.7432,98.5174,19.8,51,0,3.24,clear sky
177,Okato,NZ,-39.2,173.8833,59.41,76,86,16.87,overcast clouds
178,Gulu,UG,2.7746,32.299,78.44,40,100,5.06,overcast clouds
179,Arinos,BR,-15.9169,-46.1056,73.33,94,100,3.47,overcast clouds
180,Ankang,CN,32.68,109.0172,41.41,49,94,1.05,overcast clouds
181,Chebenki,RU,51.9337,55.7077,28.15,97,100,5.57,overcast clouds
182,Dingle,PH,10.9995,122.6711,74.35,92,100,1.41,overcast clouds
183,Tilichiki,RU,60.4667,166.1,-4.04,95,100,7.58,overcast clouds
184,Cabo San Lucas,MX,22.8909,-109.9124,79.52,69,100,1.01,overcast clouds
185,Qala,AZ,40.4418,50.1681,44.49,87,0,4.61,clear sky
186,Port-Gentil,GA,-0.7193,8.7815,80.35,80,92,12.06,overcast clouds
187,Tuatapere,NZ,-46.1333,167.6833,53.82,73,91,11.65,overcast clouds
188,Yellowknife,CA,62.456,-114.3525,-27.71,68,1,4.61,clear sky
189,Eagle Pass,US,28.7091,-100.4995,76.51,75,90,13.8,overcast clouds
190,Lasa,IT,46.6166,10.7002,35.37,50,0,8.05,clear sky
191,Qandala,SO,11.472,49.8728,76.44,78,60,11.14,broken clouds
192,Msowero,TZ,-6.5333,37.2,74.43,81,31,4.32,scattered clouds
193,Strezhevoy,RU,60.7333,77.5889,-0.42,96,97,4.99,overcast clouds
194,Sandwick,GB,60.0,-1.25,48.02,87,0,12.66,clear sky
195,Tamandare,BR,-8.7597,-35.1047,81.09,75,26,11.14,scattered clouds
196,Catamarca,AR,-28.4696,-65.7852,91.78,39,88,10.0,overcast clouds
197,Neuenkirchen,DE,52.2447,7.3718,47.79,84,100,3.62,overcast clouds
198,Lere,NG,10.387,8.5726,68.92,24,81,7.74,broken clouds
199,Chokurdakh,RU,70.6333,147.9167,-34.76,100,78,6.02,broken clouds
200,Peleduy,RU,59.6289,112.7406,-5.35,98,100,4.54,overcast clouds
201,Kizukuri,JP,40.8061,140.3861,24.12,75,100,27.13,light snow
202,Bundaberg,AU,-24.85,152.35,71.22,92,90,3.0,overcast clouds
203,Paita,PE,-5.0892,-81.1144,82.96,73,88,16.04,overcast clouds
204,Griffith,US,41.5284,-87.4237,41.09,70,1,1.01,clear sky
205,Saint-Philippe,RE,-21.3585,55.7679,74.79,76,28,4.32,scattered clouds
206,Hammerfest,NO,70.6634,23.6821,37.13,87,75,12.66,broken clouds
207,Nikolskoye,RU,59.7035,30.7861,31.89,98,91,4.36,overcast clouds
208,Katsuura,JP,35.1333,140.3,41.18,47,97,24.02,overcast clouds
209,Nanakuli,US,21.3906,-158.1547,80.55,73,1,3.44,clear sky
210,Kahului,US,20.8947,-156.47,78.84,81,1,3.0,clear sky
211,Victoria,HK,22.2855,114.1577,64.33,69,97,5.99,overcast clouds
212,Guliston,UZ,40.4897,68.7842,40.17,28,0,10.87,clear sky
213,Kernersville,US,36.1199,-80.0736,70.86,73,90,1.99,overcast clouds
214,Sao Joao Da Barra,BR,-21.6403,-41.0511,76.78,90,100,3.8,moderate rain
215,Brae,GB,60.3964,-1.353,48.11,91,32,13.78,scattered clouds
216,Harper,LR,4.375,-7.7169,80.83,80,4,10.51,clear sky
217,Dedougou,BF,12.4667,-3.4667,82.36,14,80,8.23,broken clouds
218,Sartell,US,45.6216,-94.2069,16.93,73,1,1.99,clear sky
219,Rawson,AR,-43.3002,-65.1023,81.21,34,97,21.88,overcast clouds
220,Tiksi,RU,71.6872,128.8694,-23.13,100,100,2.8,overcast clouds
221,Merauke,ID,-8.4667,140.3333,78.91,88,100,6.76,overcast clouds
222,Lyuban,BY,52.7985,28.0048,32.88,86,92,9.37,overcast clouds
223,Aswan,EG,24.0934,32.907,59.76,40,100,11.48,overcast clouds
224,Yulara,AU,-25.2406,130.9889,82.24,28,8,6.91,clear sky
225,Aqtobe,KZ,50.2797,57.2072,30.29,93,90,2.24,overcast clouds
226,Filadelfia,US,39.9523,-75.1638,60.12,25,1,4.0,clear sky
227,Nobres,BR,-14.7203,-56.3275,76.12,92,100,2.19,overcast clouds
228,Anadyr,RU,64.75,177.4833,-17.9,83,20,11.18,few clouds
229,Hualmay,PE,-11.0964,-77.6139,72.82,73,27,12.5,scattered clouds
230,Castro-Urdiales,ES,43.3829,-3.2204,52.23,64,0,4.18,clear sky
231,Xai-Xai,MZ,-25.0519,33.6442,72.05,62,100,22.01,overcast clouds
232,Bubaque,GW,11.2833,-15.8333,82.67,61,92,10.42,overcast clouds
233,Alexandria,EG,31.2156,29.9553,59.67,67,15,13.71,few clouds
234,New Norfolk,AU,-42.7826,147.0587,62.1,36,100,3.06,overcast clouds
235,Kloulklubed,PW,7.0419,134.2556,83.73,79,75,12.5,broken clouds
236,Kasongo-Lunda,CD,-6.4667,16.8167,71.42,88,22,2.91,few clouds
237,La Ligua,CL,-32.4524,-71.2311,74.98,44,0,10.13,clear sky
238,Iwaki,JP,37.05,140.8833,34.02,59,2,1.99,clear sky
239,Qiyang,CN,26.5911,111.8474,45.14,33,16,5.5,few clouds
240,Puerto Baquerizo Moreno,EC,-0.9,-89.6,69.03,87,81,9.69,broken clouds
241,Adre,TD,13.4667,22.2,70.86,25,7,15.43,clear sky
242,Bose,IT,45.4612,8.0137,45.21,77,0,3.36,clear sky
243,Isangel,VU,-19.55,169.2667,71.71,94,75,2.3,broken clouds
244,Meulaboh,ID,4.1363,96.1285,77.05,89,100,5.46,overcast clouds
245,Muhos,FI,64.808,25.9931,26.71,94,100,3.83,overcast clouds
246,Panjakent,TJ,39.4952,67.6093,37.2,28,0,8.88,clear sky
247,Izhma,RU,65.0083,53.9113,6.91,99,98,2.13,overcast clouds
248,Evanston,US,42.0411,-87.6901,41.18,67,75,1.99,broken clouds
249,Korla,CN,41.7597,86.1469,22.55,60,0,4.63,clear sky
250,Kisangani,CD,0.5167,25.2,74.64,84,100,4.05,overcast clouds
251,Touros,BR,-5.1989,-35.4608,86.9,68,9,16.55,clear sky
252,Honningsvag,NO,70.9821,25.9704,31.75,86,75,12.66,light shower snow
253,Karratha,AU,-20.7377,116.8463,82.63,49,14,12.53,light rain
254,Anito,PH,12.4497,125.2886,78.57,91,100,8.5,light rain
255,Alanya,TR,36.5438,31.9998,48.33,71,99,6.04,overcast clouds
256,Alwar,IN,27.5667,76.6,50.13,34,0,3.91,clear sky
257,Sibu,MY,2.3,111.8167,73.18,100,100,0.89,overcast clouds
258,Sioux Lookout,CA,50.1001,-91.917,7.18,86,100,3.65,overcast clouds
259,Komsomolskiy,UZ,40.4272,71.7189,27.82,74,0,6.91,mist
260,Hamilton,US,39.1834,-84.5333,48.65,53,100,3.0,overcast clouds
261,Piracuruca,BR,-3.9281,-41.7092,100.18,23,84,4.99,broken clouds
262,Shimoda,JP,34.6667,138.95,38.1,46,0,22.35,clear sky
263,Sorland,NO,67.667,12.6934,44.67,86,100,26.64,overcast clouds
264,Plonsk,PL,52.6235,20.3755,42.04,74,100,13.09,overcast clouds
265,Faya,SA,18.3851,42.4509,56.14,64,5,1.92,clear sky
266,Dudinka,RU,69.4058,86.1778,-38.87,100,66,4.47,broken clouds
267,Mamallapuram,IN,12.6264,80.1722,78.06,74,29,10.65,scattered clouds
268,Sibolga,ID,1.7427,98.7792,75.2,92,100,2.82,overcast clouds
269,Bandarbeyla,SO,9.4942,50.8122,77.31,71,75,17.54,broken clouds
270,Avera,US,33.194,-82.5271,68.92,71,100,5.46,overcast clouds
271,San Francisco,US,37.7749,-122.4194,55.6,75,1,1.01,clear sky
272,Carbonia,IT,39.1672,8.5222,54.0,91,4,2.42,clear sky
273,Rantepao,ID,-2.9701,119.8978,67.15,97,71,2.24,broken clouds
274,Bom Jesus,BR,-9.0744,-44.3586,90.68,42,98,4.59,overcast clouds
275,Porto Novo,BJ,6.4965,2.6036,81.16,74,34,7.58,scattered clouds
276,Chitral,PK,35.8462,71.7858,27.52,24,0,7.76,clear sky
277,Vanavara,RU,60.34,102.2797,-18.51,100,100,1.74,overcast clouds
278,Constitucion,CL,-35.3333,-72.4167,65.37,55,0,14.74,clear sky
279,Ewa Beach,US,21.3156,-158.0072,80.55,71,1,3.44,clear sky
280,Nelson,NZ,-41.2833,173.2833,61.7,81,5,1.01,clear sky
281,Esperance,AU,-33.8667,121.9,58.68,71,100,7.92,overcast clouds
282,Najran,SA,17.4924,44.1277,61.16,28,0,2.84,clear sky
283,Turinsk,RU,58.0458,63.696,15.42,97,100,2.33,overcast clouds
284,La Palma,US,33.8464,-118.0467,67.03,58,1,1.99,clear sky
285,Yangjiang,CN,21.85,111.9667,60.71,53,81,11.7,broken clouds
286,De Aar,ZA,-30.6497,24.0123,66.04,38,56,22.68,broken clouds
287,Alofi,NU,-19.0595,-169.9187,79.9,82,15,15.7,light rain
288,Ati,TD,13.2154,18.3353,75.29,23,1,12.19,clear sky
289,Vestnes,NO,62.6264,7.0884,49.84,81,75,17.27,broken clouds
290,Nara,JP,34.6851,135.8049,40.28,86,100,9.66,light snow
291,Daru,PG,-9.0763,143.2092,78.37,88,100,2.1,moderate rain
292,Baguanos,CU,20.7517,-76.0269,82.69,57,11,19.62,few clouds
293,Muncar,ID,-8.4333,114.3333,77.94,89,100,2.15,overcast clouds
294,Gorontalo,ID,0.5412,123.0595,75.13,92,75,2.75,broken clouds
295,Coahuayana,MX,18.7333,-103.6833,88.25,47,92,6.33,overcast clouds
296,Kudahuvadhoo,MV,2.6708,72.8944,82.26,74,100,8.14,overcast clouds
297,Sangar,RU,63.9242,127.4739,-26.61,96,100,4.74,overcast clouds
298,Vardo,NO,70.3705,31.1107,31.98,93,75,13.8,broken clouds
299,Vallenar,CL,-28.5708,-70.7581,87.53,23,5,11.56,clear sky
300,Paamiut,GL,61.994,-49.6678,10.33,73,0,10.8,clear sky
301,Saint-Joseph,RE,-21.3667,55.6167,73.78,76,14,0.83,few clouds
302,Lagoa,PT,39.05,-27.9833,58.75,56,100,19.04,overcast clouds
303,Grass Valley,US,39.2191,-121.0611,49.77,70,1,0.0,clear sky
304,Maltahohe,NA,-24.8333,16.9833,74.59,16,43,13.24,scattered clouds
305,Leningradskiy,RU,69.3833,178.4167,-13.13,97,100,2.19,overcast clouds
306,Imeni Zhelyabova,RU,58.9544,36.5956,25.48,95,92,6.44,overcast clouds
307,Thompson,CA,55.7435,-97.8558,-14.64,76,75,5.75,broken clouds
308,Aklavik,CA,68.2191,-135.0107,-8.03,97,100,3.51,overcast clouds
309,Marsaxlokk,MT,35.8419,14.5431,54.09,76,20,6.91,few clouds
310,Angoram,PG,-4.0625,144.0661,76.15,86,100,6.26,overcast clouds
311,Guerrero Negro,MX,27.9769,-114.0611,65.62,44,0,3.38,clear sky
312,Two Rivers,US,44.1539,-87.5693,29.32,63,1,3.0,clear sky
313,Gimli,CA,50.6336,-96.9907,7.43,85,100,5.79,overcast clouds
314,Kirakira,SB,-10.4544,161.9205,78.19,87,100,6.62,overcast clouds
315,Yar-Sale,RU,66.8333,70.8333,-23.1,100,100,8.28,overcast clouds
316,Anajatuba,BR,-3.2644,-44.6197,86.2,64,96,5.99,overcast clouds
317,Tevaitoa,PF,-16.7833,-151.5,81.23,69,28,15.79,light rain
318,Flinders,AU,-34.5833,150.8552,66.2,87,100,8.75,overcast clouds
319,Macheng,CN,31.1783,115.0319,33.51,45,0,5.41,clear sky
320,Mount Gambier,AU,-37.8333,140.7667,73.31,43,90,16.11,overcast clouds
321,Samarai,PG,-10.6167,150.6667,80.71,82,56,7.94,moderate rain
322,San Patricio,US,28.017,-97.5169,81.01,64,100,18.66,overcast clouds
323,Ostrzeszow,PL,51.4264,17.9336,37.96,94,59,13.06,broken clouds
324,Millbrook,US,32.4799,-86.3619,71.67,84,90,3.44,overcast clouds
325,Labrea,BR,-7.2586,-64.7981,80.24,93,96,2.71,overcast clouds
326,Bowen,AU,-20.0167,148.2333,79.79,60,70,15.75,broken clouds
327,Ust-Koksa,RU,50.2696,85.6108,18.81,81,100,1.86,overcast clouds
328,Novo Aripuana,BR,-5.1206,-60.3797,81.07,89,100,1.39,overcast clouds
329,Paramonga,PE,-10.6667,-77.8333,72.1,75,59,12.64,broken clouds
330,Santa Rosalia,MX,27.3167,-112.2833,64.85,49,10,8.79,clear sky
331,Beringovskiy,RU,63.05,179.3167,-2.72,97,100,18.43,light snow
332,Hobyo,SO,5.3505,48.5268,78.64,82,95,19.93,overcast clouds
333,Westport,US,41.1415,-73.3579,60.76,23,1,1.01,clear sky
334,Sandy Bay,AU,-42.913,147.3532,62.49,56,100,1.99,overcast clouds
335,San Pedro,PH,14.35,121.0167,79.11,87,99,13.85,overcast clouds
336,Baykit,RU,61.67,96.37,-21.08,100,94,2.48,overcast clouds
337,Kerrobert,CA,51.9168,-109.1348,-6.2,94,13,5.28,few clouds
338,Nanortalik,GL,60.1432,-45.2371,19.11,69,2,5.57,clear sky
339,Sierpc,PL,52.8568,19.6691,38.98,73,100,14.32,overcast clouds
340,Botshabelo,ZA,-29.2702,26.7052,56.26,72,100,16.62,overcast clouds
341,Taltal,CL,-25.4,-70.4833,69.19,68,88,10.09,overcast clouds
342,Comodoro Rivadavia,AR,-45.8667,-67.5,64.26,77,40,10.36,thunderstorm with light rain
343,Asau,RO,46.4333,26.4,35.76,94,99,3.31,overcast clouds
344,Geraldton,AU,-28.7667,114.6,55.81,82,40,4.61,scattered clouds
345,Ahuimanu,US,21.4447,-157.8378,78.78,76,20,7.14,few clouds
346,Leh,IN,34.1667,77.5833,-2.85,57,0,4.61,clear sky
347,Nongan,CN,44.382,125.1685,3.15,83,3,9.69,clear sky
348,Walvis Bay,NA,-22.9575,14.5053,64.09,87,0,3.13,clear sky
349,Kawhia,NZ,-38.0651,174.8183,63.37,63,32,16.87,scattered clouds
350,Nemuro,JP,43.3236,145.575,30.61,79,100,20.29,light snow
351,Vila Velha,BR,-20.3297,-40.2925,85.95,81,20,4.0,moderate rain
352,Xuddur,SO,4.1213,43.8894,80.53,50,99,10.63,overcast clouds
353,Saint Helens,GB,53.45,-2.7333,45.03,91,75,6.91,broken clouds
354,Olafsvik,IS,64.8945,-23.7142,41.63,79,100,7.0,moderate rain
355,Havoysund,NO,70.9963,24.6622,36.48,87,100,21.18,light snow
356,Alugan,PH,12.2188,125.4808,80.26,86,100,10.85,overcast clouds
357,San Carlos,VE,9.6612,-68.5827,88.29,49,100,3.89,overcast clouds
358,Saint-Augustin,CA,51.226,-58.6502,32.27,99,100,10.85,snow
359,Pimenta Bueno,BR,-11.6725,-61.1936,77.76,89,100,2.89,light rain
360,Conway,US,35.0887,-92.4421,55.24,97,90,0.0,mist
361,Miraflores,MX,19.2167,-98.8083,70.56,35,57,4.18,broken clouds
362,Namtsy,RU,62.7161,129.6658,-43.49,97,100,2.86,overcast clouds
363,Leshukonskoye,RU,64.8989,45.7622,3.94,99,82,3.27,broken clouds
364,Manadhoo,MV,5.7667,73.3833,82.08,72,63,6.82,broken clouds
365,Santiago Del Estero,AR,-27.7951,-64.2615,94.8,22,3,9.95,clear sky
366,Dwarka,IN,22.2394,68.9678,69.57,34,0,17.72,clear sky
367,Gashua,NG,12.871,11.0482,69.91,20,1,9.66,clear sky
368,Makakilo City,US,21.3469,-158.0858,79.12,72,1,3.44,clear sky
369,Hovd,MN,48.0056,91.6419,8.04,70,100,4.25,overcast clouds
370,Garden City,US,42.3256,-83.331,43.14,48,75,1.99,broken clouds
371,Aksarayskiy,RU,46.7924,48.0119,35.55,91,100,5.44,overcast clouds
372,Glasgow,GB,55.8652,-4.2576,46.2,87,90,1.14,overcast clouds
373,Tambura,SS,5.6,27.4667,82.13,30,100,3.11,overcast clouds
374,Damara,CF,4.9608,18.7035,81.43,30,98,3.36,overcast clouds
375,Vaitape,PF,-16.5167,-151.75,80.04,75,39,13.69,moderate rain
376,Pinotepa De Don Luis,MX,16.4167,-97.9167,87.94,39,0,5.53,clear sky
377,Port Lincoln,AU,-34.7333,135.8667,60.4,85,0,11.81,clear sky
378,Okhotsk,RU,59.3833,143.3,-9.4,79,100,14.7,overcast clouds
379,Kavaratti,IN,10.5669,72.642,82.31,72,1,8.19,clear sky
380,Stettler,CA,52.3168,-112.7186,-7.96,89,6,8.37,clear sky
381,Fort Nelson,CA,58.8053,-122.7002,-10.35,89,100,2.06,overcast clouds
382,Boa Vista,BR,2.8197,-60.6733,85.98,62,75,20.71,broken clouds
383,Jeremie,HT,18.65,-74.1167,81.99,68,13,8.86,few clouds
384,Klaksvik,FO,62.2266,-6.589,47.32,83,85,19.39,overcast clouds
385,Maningrida,AU,-12.0667,134.2667,80.04,74,100,3.31,overcast clouds
386,Esil,KZ,51.9556,66.4042,28.0,91,96,10.94,overcast clouds
387,Hasaki,JP,35.7333,140.8333,37.8,45,80,23.85,broken clouds
388,Tucuman,AR,-26.8241,-65.2226,91.4,43,75,3.44,broken clouds
389,Srednekolymsk,RU,67.45,153.6833,-20.85,98,99,7.02,overcast clouds
390,Gamba,GA,-2.65,10.0,76.28,91,100,5.97,overcast clouds
391,Springdale,US,36.1867,-94.1288,59.11,99,90,5.99,moderate rain
392,Kaseda,JP,31.4167,130.3167,39.85,64,88,25.34,overcast clouds
393,Jiangyou,CN,31.7667,104.7167,41.61,64,94,1.79,overcast clouds
394,Taksimo,RU,56.3444,114.8794,-13.63,91,100,1.12,overcast clouds
395,Pangnirtung,CA,66.1451,-65.7125,17.6,86,90,20.71,snow
396,Warrington,GB,53.3925,-2.5802,45.27,92,75,5.75,broken clouds
397,Asfi,MA,32.2994,-9.2372,61.75,73,0,12.68,clear sky
398,Maragogi,BR,-9.0122,-35.2225,81.73,72,24,12.55,few clouds
399,Kuvshinovo,RU,57.0295,34.1725,28.0,95,100,7.16,overcast clouds
400,Teknaf,BD,20.8624,92.3058,64.58,79,0,7.2,clear sky
401,Xinxiang,CN,35.3089,113.8672,28.92,35,100,5.55,overcast clouds
402,Yinchuan,CN,38.4681,106.2731,25.54,37,0,3.27,clear sky
403,Marovoay,MG,-16.1,46.6333,82.54,77,100,2.64,light rain
404,Namatanai,PG,-3.6667,152.4333,79.39,85,82,3.44,moderate rain
405,Batemans Bay,AU,-35.7167,150.1833,65.1,87,29,5.17,scattered clouds
406,Gafanha Da Nazare,PT,40.6362,-8.7134,57.76,81,4,5.59,clear sky
407,Semme,FR,46.1963,1.5007,41.41,77,0,5.41,clear sky
408,Mugumu,TZ,-1.85,34.7,66.22,77,100,3.15,overcast clouds
409,Tyrma,RU,50.0833,132.1667,-29.24,99,27,1.74,scattered clouds
410,Kirovsk,UA,48.6375,38.6428,32.67,100,100,1.43,light snow
411,Susangerd,IR,31.5608,48.1831,71.62,52,100,16.96,overcast clouds
412,Manaus,BR,-3.1019,-60.025,81.09,83,75,12.66,thunderstorm
413,Saint-Pierre,RE,-21.3393,55.4781,74.88,78,0,6.91,light rain
414,Taoudenni,ML,22.6783,-3.9836,83.23,17,99,8.14,overcast clouds
415,Elko,US,41.0002,-115.5012,29.05,88,53,9.15,broken clouds
416,Mezen,RU,65.8522,44.24,2.91,98,76,3.38,broken clouds
417,Tual,ID,-5.6667,132.75,82.54,73,100,5.23,overcast clouds
418,Dunnville,CA,42.9001,-79.6163,44.94,48,8,15.26,clear sky
419,Altus,US,34.6381,-99.334,63.16,40,90,6.91,overcast clouds
420,Akcaabat,TR,41.0212,39.5715,51.67,82,75,5.75,broken clouds
421,Huarmey,PE,-10.0681,-78.1522,73.74,72,4,13.22,clear sky
422,Praia Da Vitoria,PT,38.7333,-27.0667,59.76,70,100,6.78,overcast clouds
423,Manado,ID,1.487,124.8455,75.97,94,20,0.0,few clouds
424,Bucerias,MX,20.75,-105.3333,82.38,57,40,0.0,scattered clouds
425,Palauig,PH,15.435,119.9045,79.77,78,100,8.23,light rain
426,Usinsk,RU,65.9939,57.5281,1.74,92,100,10.09,overcast clouds
427,Solvychegodsk,RU,61.3305,46.9156,9.68,98,99,2.86,overcast clouds
428,Puerto Escondido,MX,15.85,-97.0667,85.03,70,1,4.61,clear sky
429,Colac,AU,-38.3333,143.5833,77.02,30,57,13.8,broken clouds
430,Ola,RU,59.5833,151.2833,9.28,84,100,15.7,overcast clouds
431,Sanmenxia,CN,34.7747,111.1814,28.87,35,45,4.41,scattered clouds
432,Tiarei,PF,-17.5333,-149.3333,84.22,67,19,14.38,few clouds
433,Banamba,ML,13.55,-7.45,81.12,16,98,8.37,overcast clouds
434,Shubarshi,KZ,48.5872,57.1869,24.57,93,99,3.76,overcast clouds
435,Valparaiso,CL,-33.0393,-71.6273,79.03,46,0,11.5,clear sky
436,Svoge,BG,42.9667,23.35,38.62,96,93,4.88,overcast clouds
437,Shingu,JP,33.7333,135.9833,38.14,75,26,14.16,scattered clouds
438,Sorong,ID,-0.8833,131.25,81.55,82,100,15.75,overcast clouds
439,Saldanha,ZA,-33.0117,17.9442,67.82,60,28,14.16,scattered clouds
440,Itapeva,BR,-23.9822,-48.8756,81.05,63,79,10.02,broken clouds
441,Mahajanga,MG,-15.7167,46.3167,82.42,78,20,8.05,few clouds
442,Tabou,CI,4.423,-7.3528,80.92,80,5,9.91,clear sky
443,Souris,CA,49.6172,-100.2612,4.73,87,100,5.91,overcast clouds
444,Kaoma,ZM,-14.7833,24.8,63.12,96,100,3.44,overcast clouds
445,Athens,GR,37.9795,23.7162,50.25,59,6,1.99,clear sky
446,Port Moresby,PG,-9.4431,147.1797,77.45,89,100,3.11,light rain
447,Balabac,PH,7.9868,117.0645,81.27,79,100,22.57,overcast clouds
448,Vila,PT,42.0304,-8.1588,42.93,62,0,3.67,clear sky
449,Maues,BR,-3.3836,-57.7186,85.75,76,100,2.68,overcast clouds
450,Along,IN,28.1667,94.7667,50.23,61,0,1.72,clear sky
451,Nantucket,US,41.2835,-70.0995,60.91,51,1,13.8,clear sky
452,Fairlie,GB,55.756,-4.8556,46.4,87,0,4.09,clear sky
453,Dancheng,CN,33.6333,115.1833,26.78,33,0,5.7,clear sky
454,Troitskoye,RU,52.9821,84.6757,26.53,86,100,19.89,snow
455,Ostrovnoy,RU,68.0531,39.5131,15.96,92,84,5.84,broken clouds
456,Acara,BR,-1.9608,-48.1967,81.37,82,100,3.18,overcast clouds
457,Makat,KZ,47.6469,53.3463,35.64,70,100,8.32,overcast clouds
458,Krasnoselkup,RU,65.7,82.4667,-33.93,98,18,7.92,few clouds
459,Ugoofaaru,MV,5.6667,73.0,82.0,73,23,7.43,few clouds
460,Abbeville,FR,50.1,1.8333,46.49,94,4,11.9,clear sky
461,Maymyo,MM,22.0333,96.4667,52.88,69,6,3.0,clear sky
462,Chaplynka,UA,46.3651,33.5403,35.8,81,100,11.3,overcast clouds
463,Lakselv,NO,70.0513,24.9718,35.42,86,75,14.97,light snow
464,Hameenlinna,FI,60.996,24.4643,32.02,97,78,5.14,broken clouds
465,Japura,ID,-0.3167,102.35,74.12,98,100,2.37,overcast clouds
466,Erenhot,CN,43.6475,111.9767,10.83,56,0,24.02,clear sky
467,Fort-Shevchenko,KZ,44.5086,50.263,46.36,87,100,7.25,overcast clouds
468,The Pas,CA,53.8251,-101.2541,-4.45,86,100,5.26,overcast clouds
469,Les Cayes,HT,18.2,-73.75,83.17,62,2,10.16,clear sky
470,Christchurch,NZ,-43.5333,172.6333,57.33,90,5,1.01,clear sky
471,Canapi,BR,-9.1174,-37.6012,90.57,37,99,17.02,overcast clouds
472,Manzanillo,CU,20.3433,-77.1167,90.54,39,9,7.61,clear sky
473,Bonavista,CA,48.6499,-53.1147,32.11,94,100,31.0,snow
474,Alice Springs,AU,-23.7,133.8833,78.35,29,14,5.75,few clouds
475,Arlit,NE,18.7369,7.3853,69.4,16,13,15.32,few clouds
476,Matadi,CD,-5.8167,13.45,73.53,96,100,1.25,overcast clouds
477,Bagan,RU,54.1001,77.6646,28.98,96,100,12.97,light snow
478,Gwadar,PK,25.1216,62.3254,69.28,52,0,2.06,clear sky
479,Marystown,CA,47.1666,-55.1483,37.85,100,100,7.0,overcast clouds
480,Adrar,MR,20.5022,-10.0711,71.01,46,100,8.55,overcast clouds
481,Itarema,BR,-2.9248,-39.9167,85.32,64,3,17.83,clear sky
482,Havre-Saint-Pierre,CA,50.2334,-63.5986,37.99,93,75,24.16,broken clouds
483,Camabatela,AO,-8.1881,15.375,62.28,99,100,1.05,overcast clouds
484,Mananjary,MG,-21.2167,48.3333,77.52,78,56,9.13,broken clouds
485,Smithers,CA,54.7804,-127.1743,14.2,80,100,3.0,overcast clouds
486,Mazamet,FR,43.49,2.373,49.62,83,0,17.27,clear sky
487,Seguela,CI,7.9611,-6.6731,83.41,27,10,4.41,clear sky
488,Novita,CO,4.9551,-76.6053,80.58,90,100,4.18,overcast clouds
489,Damaturu,NG,11.747,11.9608,69.91,26,5,11.5,clear sky
490,Cabatuan,PH,10.8794,122.486,75.36,90,100,3.53,overcast clouds
491,Nezhinka,RU,51.7676,55.3694,28.56,93,90,4.47,overcast clouds
492,Puerto Leguizamo,CO,-0.1934,-74.7819,79.38,92,100,2.04,overcast clouds
493,Freeport,US,40.6576,-73.5832,61.0,24,1,5.99,clear sky
494,Alleroy,RU,43.21,46.28,39.13,85,99,5.44,overcast clouds
495,Ilo,PE,-17.6394,-71.3375,71.6,70,1,10.87,clear sky
496,Keti Bandar,PK,24.1447,67.4497,64.06,20,0,11.21,clear sky
497,Ikongo,MG,-21.8833,47.4333,72.16,83,28,1.07,scattered clouds
498,Gravdal,NO,68.1214,13.5031,44.49,81,75,16.11,broken clouds
499,Simao,CN,22.7886,100.9748,49.8,93,83,2.64,broken clouds
500,Ranong,TH,9.9658,98.6348,75.47,88,100,4.59,moderate rain
501,Sistranda,NO,63.7256,8.834,46.9,93,100,38.97,light rain
502,Unity,CA,52.4501,-109.1682,-10.75,97,28,4.79,scattered clouds
503,Balkhash,KZ,46.844,74.9804,27.28,88,100,8.72,overcast clouds
504,Karpogory,RU,64.0019,44.4451,7.84,98,91,2.86,overcast clouds
505,Porbandar,IN,21.6422,69.6093,66.79,32,0,14.03,clear sky
506,Eureka,US,40.8021,-124.1637,49.24,95,18,1.01,few clouds
507,Belize,BZ,17.25,-88.75,80.92,83,42,4.83,scattered clouds
508,Okha,RU,53.5739,142.9478,-3.01,94,93,11.99,overcast clouds
509,Saint Anthony,US,45.0205,-93.218,20.66,70,100,3.0,overcast clouds
510,Katobu,ID,-4.9408,122.5276,75.9,92,26,1.61,scattered clouds
511,Tornio,FI,65.8481,24.1466,23.02,93,100,8.34,overcast clouds
512,Andijon,UZ,40.7821,72.3442,28.26,29,0,5.35,clear sky
513,Virginia Beach,US,36.8529,-75.978,73.06,66,99,5.12,overcast clouds
514,Richards Bay,ZA,-28.783,32.0377,64.98,71,100,10.8,overcast clouds
515,Grindavik,IS,63.8424,-22.4338,41.47,93,90,2.3,moderate rain
516,Codrington,AU,-38.2667,141.9667,74.55,30,38,13.38,scattered clouds
517,Mahebourg,MU,-20.4081,57.7,78.26,83,75,3.44,broken clouds
518,Pankrushikha,RU,53.8319,80.3406,28.49,94,100,15.66,overcast clouds
519,Maneadero,MX,31.7167,-116.5667,68.18,76,14,3.0,few clouds
520,Zhuhai,CN,22.2769,113.5678,64.06,67,40,23.02,scattered clouds
521,Santa Fe,AR,-31.6333,-60.7,93.02,26,3,1.99,clear sky
522,Grafton,US,42.207,-71.6856,58.21,24,1,5.01,clear sky
523,Jiaojiang,CN,28.6803,121.4428,39.99,68,2,8.48,clear sky
524,Hede,CN,33.7681,120.2517,27.48,57,7,6.51,clear sky
525,Nanuque,BR,-17.8392,-40.3539,85.35,65,98,8.93,overcast clouds
526,Mokrous,RU,51.2333,47.5167,30.47,99,100,5.03,snow
527,Kyzyl-Suu,KG,42.3414,78.0056,20.91,55,7,9.04,clear sky
528,Port-Cartier,CA,50.0334,-66.8654,35.82,70,100,19.6,overcast clouds
529,Bereda,ES,43.2686,-7.5406,46.42,87,0,0.83,clear sky
530,Broome,US,42.2506,-75.833,51.71,35,9,4.0,clear sky
531,Igarka,RU,67.4667,86.5833,-40.99,99,80,4.41,broken clouds
532,Delvada,IN,20.7667,71.0333,66.92,33,0,12.3,clear sky
533,Lisakovsk,KZ,52.5369,62.4936,27.34,88,96,9.08,overcast clouds
534,Lamu,KE,-2.2717,40.902,80.82,86,98,7.96,overcast clouds
535,Great Yarmouth,GB,52.6083,1.7305,47.44,90,100,7.78,overcast clouds
536,Pointe-Noire,CG,-4.7761,11.8635,75.11,89,100,5.37,overcast clouds
537,Zemio,CF,5.0314,25.1361,78.06,37,100,4.27,overcast clouds
538,Birao,CF,10.2849,22.7882,74.07,23,19,6.22,few clouds
539,Sao Joao De Pirabas,BR,-0.7747,-47.1772,84.67,66,99,9.91,moderate rain
540,Vestmannaeyjar,IS,63.4427,-20.2734,48.11,94,100,20.85,overcast clouds
541,Mailsi,PK,29.8003,72.1758,51.69,16,0,3.36,clear sky
542,Praia,CV,14.9215,-23.5087,75.74,73,75,12.66,broken clouds
543,Zhigansk,RU,66.7697,123.3711,-35.95,100,98,2.75,overcast clouds
544,Henties Bay,NA,-22.116,14.2845,63.86,88,0,3.65,clear sky
545,La Ronge,CA,55.1001,-105.2842,-5.55,77,75,3.44,light snow
546,Rocha,UY,-34.4833,-54.3333,74.35,50,30,13.44,scattered clouds
547,Carutapera,BR,-1.195,-46.02,85.46,65,100,9.35,overcast clouds
548,Chiredzi,ZW,-21.05,31.6667,65.44,90,100,13.13,light rain
549,Svetlaya,RU,46.5389,138.3297,-4.86,77,2,10.25,clear sky
550,Byron Bay,AU,-28.65,153.6167,69.06,79,100,4.63,overcast clouds
551,Papayal,PE,-4.0761,-80.7361,86.0,50,100,9.98,overcast clouds
552,Adzope,CI,6.1069,-3.8619,81.43,60,46,3.69,scattered clouds
553,Palmer,US,42.1584,-72.3287,59.29,18,43,3.0,scattered clouds
554,Katete,UG,-0.7818,29.7544,64.53,86,100,3.47,overcast clouds
555,Pocone,BR,-16.2567,-56.6228,76.12,95,100,3.98,moderate rain
556,Mattru,SL,7.6244,-11.8332,79.77,79,13,4.92,few clouds
557,Bengkulu,ID,-3.8004,102.2655,75.72,90,100,7.61,overcast clouds
558,Rabo De Peixe,PT,37.8,-25.5833,60.31,89,20,10.36,few clouds
559,Saravan,AM,39.7196,45.6483,27.25,99,100,1.74,snow
560,Ambilobe,MG,-13.2,49.05,76.53,84,55,2.75,broken clouds
561,Altamont,US,42.2068,-121.7372,30.78,88,90,1.99,overcast clouds
562,Ofunato,JP,39.0717,141.7167,26.19,71,30,19.26,scattered clouds
563,Sakaiminato,JP,35.55,133.2333,40.23,65,100,27.0,light rain
564,Whitianga,NZ,-36.8333,175.7,65.01,66,5,10.8,clear sky
565,Hofn,IS,64.2539,-15.2082,39.22,93,90,0.0,light intensity drizzle
566,Deming,US,32.2687,-107.7586,60.69,29,1,16.11,clear sky
567,Plettenberg Bay,ZA,-34.0527,23.3716,60.6,70,0,18.57,clear sky
568,Niquelandia,BR,-14.4739,-48.4597,79.77,79,73,1.79,light rain
569,Pringsewu,ID,-5.3582,104.9744,74.46,93,100,5.53,overcast clouds
570,Bontang,ID,0.1333,117.5,78.28,91,100,6.53,overcast clouds
571,Boguchany,RU,58.3814,97.4531,9.68,97,100,2.42,light snow
572,Salamiyah,SY,35.0113,37.0532,50.61,77,80,15.84,broken clouds
573,Kamenka,RU,51.3223,42.7678,30.74,99,100,5.23,snow
574,Mareeba,AU,-17.0,145.4333,74.12,92,58,2.1,broken clouds
575,Inhambane,MZ,-23.865,35.3833,67.98,100,75,18.41,light rain
576,Mancio Lima,BR,-7.6142,-72.8958,85.21,76,85,2.13,moderate rain
577,Sebring,US,27.4956,-81.4409,84.27,56,1,1.01,clear sky
578,Vila Franca Do Campo,PT,37.7167,-25.4333,61.21,73,100,4.72,overcast clouds
579,Barra Do Garcas,BR,-15.89,-52.2567,81.43,74,100,4.92,overcast clouds
580,Bambanglipuro,ID,-7.95,110.2833,64.6,93,100,4.12,light rain
581,Dawei,MM,14.0833,98.2,72.93,73,100,3.69,overcast clouds
582,Vao,NC,-22.6667,167.4833,74.86,66,1,16.31,clear sky
583,Ginda,IN,30.6945,78.4932,32.77,24,0,7.67,clear sky
584,Zunyi,CN,27.6867,106.9072,39.34,73,100,6.2,overcast clouds
585,Sulangan,PH,11.1373,123.7228,81.59,80,100,8.39,overcast clouds
586,Urengoy,RU,65.9667,78.3667,-33.63,98,7,7.43,clear sky
587,Rawlins,US,41.7911,-107.2387,26.35,61,75,32.21,broken clouds
588,Baruun-Urt,MN,46.6806,113.2792,1.31,72,100,5.46,overcast clouds
589,Ossora,RU,59.2353,163.0719,-10.25,89,2,5.53,clear sky
590,Hit,IQ,33.6416,42.8251,57.51,54,1,9.86,clear sky
591,Dehloran,IR,32.6941,47.2679,63.75,64,100,19.3,overcast clouds
592,Kutum,SD,14.2,24.6667,62.69,28,6,10.47,clear sky
593,Lata,PT,40.1629,-8.3327,56.8,66,0,4.16,clear sky
594,Jizan,SA,17.3333,42.6667,76.66,76,0,2.51,clear sky
595,Los Llanos De Aridane,ES,28.6585,-17.9182,60.55,85,20,5.75,few clouds
596,Salgado,BR,-11.0319,-37.475,81.3,56,93,12.91,light rain
597,Yurino,RU,56.2942,46.3039,29.52,98,100,3.27,overcast clouds
598,Cayenne,GF,4.9333,-52.3333,87.84,81,20,5.01,few clouds
599,Lima,PE,-12.0432,-77.0282,70.9,75,57,9.13,broken clouds
600,Drochia,MD,48.035,27.8161,35.51,82,100,13.27,overcast clouds
601,Coracao De Jesus,BR,-16.6853,-44.365,74.16,88,100,3.51,light rain
602,Vytegra,RU,61.0064,36.4481,20.03,98,94,4.25,overcast clouds
603,Ibimirim,BR,-8.5406,-37.6903,88.77,37,94,15.57,overcast clouds
604,Rio Grande City,US,26.3798,-98.8203,83.89,45,100,20.45,overcast clouds
605,Eusebio,BR,-3.89,-38.4506,87.66,62,20,13.8,few clouds
606,Apricena,IT,41.7839,15.4437,51.96,74,58,19.69,broken clouds
607,Aseri,EE,59.4506,26.8675,33.55,86,81,11.32,broken clouds
608,Zyryanka,RU,65.75,150.85,-33.2,99,100,7.2,overcast clouds
609,Talisay,PH,10.2447,123.8494,78.8,83,78,3.09,broken clouds
610,Sao Teotonio,PT,37.5128,-8.7071,55.69,83,100,12.93,overcast clouds
611,Revelstoke,CA,50.9832,-118.2023,11.3,93,85,0.72,overcast clouds
612,Bellary,IN,15.15,76.9333,67.03,59,35,4.79,scattered clouds
613,Cap Malheureux,MU,-19.9842,57.6142,78.48,75,5,1.99,clear sky
614,Martapura,ID,-3.4167,114.85,78.89,94,90,0.0,overcast clouds
615,Camacha,PT,33.0833,-16.3333,63.36,72,40,8.05,scattered clouds
616,Waitati,NZ,-45.75,170.5667,55.8,58,100,12.37,overcast clouds
617,Ulaanbaatar,MN,47.9077,106.8832,-23.67,69,0,4.47,clear sky
618,Letlhakane,BW,-21.4167,25.5833,67.93,73,88,22.97,overcast clouds
619,Kodinsk,RU,58.6881,99.1844,5.2,98,100,2.21,overcast clouds
620,Manga,BF,11.6636,-1.0731,80.83,13,93,8.93,overcast clouds
621,Zhezkazgan,KZ,47.8043,67.7144,19.54,91,100,5.28,overcast clouds
622,Tiznit,MA,29.5833,-9.5,58.84,30,0,3.4,clear sky
623,Nuristan,AF,35.3,70.8333,7.63,23,0,11.01,clear sky
624,Angra Dos Reis,BR,-23.0067,-44.3181,76.06,93,100,4.45,overcast clouds
625,Yarmouth,US,41.7057,-70.2286,61.02,30,1,10.36,clear sky
626,Bac Lieu,VN,9.285,105.7244,75.99,90,100,8.3,overcast clouds
627,Bria,CF,6.5423,21.9863,80.26,29,100,3.04,overcast clouds
628,Hokitika,NZ,-42.7167,170.9667,56.66,67,67,8.46,broken clouds
629,Belmonte,BR,-15.8631,-38.8828,84.7,72,32,10.47,scattered clouds
630,Coquimbo,CL,-29.9533,-71.3436,66.25,69,4,12.12,clear sky
631,Marzuq,YE,14.4,46.4667,62.51,77,6,5.66,clear sky
632,Three Hills,CA,51.7001,-113.2686,1.49,90,5,6.17,clear sky
633,Visnagar,IN,23.7,72.55,61.72,30,0,9.1,clear sky
634,Ixtapa,MX,20.7,-105.2,88.03,35,41,6.82,scattered clouds
635,Dovers,VC,12.8833,-61.1833,80.19,73,96,25.66,overcast clouds
636,Kota Belud,MY,6.351,116.4305,78.66,89,81,7.96,broken clouds
637,Montepuez,MZ,-13.1256,38.9997,74.98,64,100,10.11,overcast clouds
638,Gigmoto,PH,13.7796,124.39,79.56,88,100,8.39,overcast clouds
639,Santarem,BR,-2.4431,-54.7083,88.03,55,100,5.93,overcast clouds
640,Itamaraca,BR,-7.7478,-34.8256,84.88,73,30,10.92,scattered clouds
641,Invermere,CA,50.5167,-116.0354,10.04,82,35,1.23,scattered clouds
642,Vila Do Maio,CV,15.1333,-23.2167,75.99,78,46,10.27,scattered clouds
643,Monchegorsk,RU,67.9397,32.8739,16.12,99,100,3.56,overcast clouds
644,Moorhead,US,46.8739,-96.7676,11.98,76,1,1.99,clear sky
645,Beyneu,KZ,45.3167,55.2,38.62,53,100,10.31,overcast clouds
646,Djambala,CG,-2.5447,14.7533,69.8,85,49,3.89,scattered clouds
647,Ibipeba,BR,-11.6408,-42.0111,85.23,44,50,3.56,scattered clouds
648,Volot,RU,57.9278,30.7025,30.97,86,100,7.94,overcast clouds
649,Matara,LK,5.9485,80.5353,77.25,87,100,1.5,overcast clouds
650,Ashington,GB,50.9331,-0.3909,48.81,89,75,3.0,broken clouds
651,Arica,CL,-18.475,-70.3042,74.75,60,0,12.66,clear sky
652,Tukrah,LY,32.5341,20.5791,59.68,59,63,16.31,broken clouds
653,Mitsamiouli,KM,-11.3847,43.2844,80.13,81,8,8.39,clear sky
654,Roma,US,43.2128,-75.4557,48.06,50,1,1.99,clear sky
655,Guane,CU,22.2025,-84.0875,83.77,61,40,14.27,scattered clouds
656,Acapulco,MX,16.8634,-99.8901,87.62,66,20,5.75,few clouds
657,Ulaangom,MN,49.9811,92.0667,-4.22,98,100,0.81,overcast clouds
658,Aberystwyth,GB,52.4155,-4.0829,46.31,91,11,7.34,few clouds
659,Jerantut,MY,3.936,102.3626,74.25,100,100,1.14,very heavy rain
660,Taree,AU,-31.9,152.4667,64.58,100,20,2.3,few clouds
661,Oussouye,SN,12.485,-16.5469,78.33,60,47,10.89,scattered clouds
662,Chambersburg,US,39.9376,-77.6611,56.75,31,100,1.99,overcast clouds
663,Jackson,US,42.4165,-122.8345,43.14,84,75,3.44,broken clouds
664,Tromso,NO,69.6496,18.957,39.85,87,75,1.99,light rain
665,Hornepayne,CA,49.2138,-84.7705,14.59,71,100,9.82,overcast clouds
666,Inuvik,CA,68.3499,-133.7218,-6.56,98,100,4.12,overcast clouds
667,Kushiro,JP,42.975,144.3747,27.12,63,100,14.81,overcast clouds
668,La Orilla,MX,17.9833,-102.2333,83.93,61,100,9.48,overcast clouds
669,Celestun,MX,20.8667,-90.4,84.22,59,54,7.23,broken clouds
670,Colonial Heights,US,37.268,-77.4073,74.71,61,88,3.0,overcast clouds
671,Pochutla,MX,15.7432,-96.4661,89.82,43,0,7.9,clear sky
672,Qaqortoq,GL,60.7167,-46.0333,18.1,75,3,6.8,clear sky
673,Hengyang,CN,26.8881,112.615,44.38,38,12,6.24,few clouds
674,Waycross,US,31.2136,-82.354,78.67,76,75,0.0,broken clouds
675,Asosa,ET,10.0667,34.5333,67.55,45,99,2.13,overcast clouds
676,Gadarwara,IN,22.9167,78.7833,57.72,59,0,5.79,clear sky
677,Atar,MR,20.5169,-13.0499,78.57,30,21,4.99,few clouds
678,Manavgat,TR,36.7867,31.4431,51.84,68,11,6.67,few clouds
679,Gardez,AF,33.5974,69.2259,23.47,30,0,2.48,clear sky
680,Rameswaram,IN,9.2833,79.3,79.88,78,99,20.27,overcast clouds
681,Mpongwe,ZM,-13.5091,28.155,65.21,95,100,3.18,light rain
682,Anloga,GH,5.7947,0.8973,82.65,76,13,12.8,few clouds
683,Yichun,CN,47.7,128.9,-18.8,98,10,2.42,clear sky
684,Bacolod,PH,10.6667,122.95,76.95,81,100,2.98,overcast clouds
685,Tianpeng,CN,30.9866,103.9393,40.77,72,100,2.73,overcast clouds
